time,altitude,speed
0.03999999999996362,81.79394642647821,2.467854586284496
0.15999999999985448,82.12105988303665,2.9546324859319775
0.23999999999978172,82.37812830589246,3.3450267952266977
0.3599999999996726,82.8223863041494,3.932037308128885
0.45999999999958163,83.24648500746116,4.422349366805942
0.5599999999994907,83.71967790089548,4.913678155049686
0.6599999999993997,84.24206665938254,5.406014761718495
0.7599999999993088,84.8137491219677,5.8993500411703765
0.8599999999992178,85.43482771806885,6.3936787114736555
0.9599999999991269,86.10540066612884,6.889000204209189
1.059999999999036,86.8255656559486,7.3853155978638485
1.159999999998945,87.59542468353175,7.882627733148623
1.259999999998854,88.41507678502239,8.380942711727947
1.359999999998763,89.28462215256877,8.880260727304716
1.4599999999986721,90.20416024653241,9.380583767595951
1.5599999999985812,91.1737926567439,9.881914211321359
1.6599999999984902,92.19362032460049,10.38425259892293
1.7599999999983993,93.26374340278562,10.887602110737348
1.8599999999983083,94.38426448195241,11.39196691439323
1.9599999999982174,95.5552844312042,11.89735079389708
2.0599999999981264,96.77690531359985,12.403753938982648
2.1599999999980355,98.0492290185066,12.91117642855787
2.2599999999979445,99.37235722341575,13.419620886559466
2.3599999999978536,100.74639261665288,13.929089037718322
2.4599999999977626,102.17143797536846,14.439583021301132
2.5599999999976717,103.64759562571999,14.951106191434397
2.6599999999975807,105.17496909573674,15.463662375647695
2.75999999999749,106.75366112368647,15.977251472764166
2.859999999997399,108.38377469778061,16.491873263455368
2.959999999997308,110.06541397771798,17.00753062062533
3.059999999997217,111.79868274636101,17.524225664312336
3.159999999997126,113.58368447958492,18.04196182312778
3.259999999997035,115.42052312882151,18.5607423176841
3.359999999996944,117.3093035108177,19.08056926748297
3.459999999996853,119.25013062288053,19.601443853884362
3.559999999996762,121.24310974939726,20.123366249675396
3.6599999999966712,123.28834368532989,20.646338308875404
3.779999999996562,125.81175129744224,21.275294866952144
3.879999999996471,127.97231860936154,21.80058783362198
3.97999999999638,130.1854809320066,22.32694039983697
4.039999999996326,131.53866772726178,22.643260634193275
4.1599999999962165,134.30204751424026,23.27704745448104
4.279999999996107,137.14158998942003,23.912364977700875
4.359999999996035,139.07702109287493,24.336761399152667
4.4799999999959255,142.04390951793175,24.974638485000106
4.5799999999958345,144.57486529345624,25.507382030276677
4.679999999995744,147.15915876196232,26.041197866043163
4.759999999995671,149.26507321489044,26.469023804283708
4.85999999999558,151.9456468144199,27.004774447414
4.959999999995489,154.6798617291497,27.541603879048033
5.059999999995398,157.46783121768385,28.079513170432296
5.159999999995307,160.30965235445183,28.618506243697453
5.279999999995198,163.79107805818785,29.266732950056333
5.359999999995125,166.15529650973622,29.699754376115994
5.459999999995034,169.15933507005684,30.24200943491365
5.559999999994943,172.2176672448404,30.785356054006478
5.659999999994852,175.33039557840675,31.329794080213706
5.759999999994761,178.4976360091241,31.87532809489395
5.85999999999467,181.71949903375935,32.421960274952355
5.959999999994579,184.99608700885437,32.96969223579832
6.07999999999447,189.0003938266309,33.6284255345195
6.179999999994379,192.39777638833039,34.17858266504977
6.199999999994361,193.0838628486963,34.288747323580566
6.199999999994361,193.0838628486963,34.288747323580566
6.199999999994361,193.0838628486963,34.288747323580566
6.279999999994288,195.85024536121637,34.729846630075315
6.419999999994161,200.77643941447604,35.50347926536542
6.499999999994088,203.64009616454132,35.94653333634538
6.599999999993997,207.26957123924512,36.50135313802743
6.719999999993888,211.69827146839816,37.16860817266106
6.799999999993815,214.69527194241527,37.61433771719195
6.8999999999937245,218.491723529296,38.1725066369013
6.9999999999936335,222.34405909792986,38.73179677123254
7.099999999993543,226.25239013961982,39.292211393430314
7.17999999999347,229.41944688220974,39.741353773410445
7.299999999993361,234.2374889878556,40.4164208162302
7.4199999999932515,239.13665066787507,41.09311393474444
7.519999999993161,243.28139491041657,41.658269338474305
7.61999999999307,247.48272129404359,42.22455943822286
7.719999999992979,251.74074502533767,42.791986734660725
7.819999999992888,256.0555786486948,43.36055343373471
7.919999999992797,260.4273357045604,43.930260512655565
7.999999999992724,263.9658039273927,44.38684871800867
8.099999999992633,268.4403119207127,44.958613411890255
8.17999999999256,272.06112861225847,45.41685041365665
8.299999999992451,277.56117461714894,46.10558444787914
8.39999999999236,282.20776047185063,46.680795967874815
8.49999999999227,286.9119347434025,47.25716074454816
8.599999999992178,291.6738134553889,47.83468024879056
8.699999999992087,296.4935116323177,48.41335590098304
8.799999999991996,301.37114539626054,48.99319004840657
8.919999999991887,307.3009446794167,49.69052494392188
9.019999999991796,312.3064457143191,50.27291764468979
9.119999999991705,317.3702534479089,50.85647578609312
9.219999999991614,322.49248515744694,51.44120166217691
9.319999999991524,327.67325817164965,52.02709688210223
9.419999999991433,332.91268933040556,52.61416383458924
9.519999999991342,338.2108939503087,53.20240491248241
9.61999999999125,343.5679932871135,53.79182285644148
9.71999999999116,348.98410361702554,54.382418965622996
9.819999999991069,354.4593420953024,54.97419523909164
9.919999999990978,359.9938268160913,55.567153868342174
10.019999999990887,365.5876756141661,56.161297018462264
10.119999999990796,371.2410088542383,56.756627067419295
10.199999999990723,375.806582144578,57.23374703588098
10.319999999990614,382.72659823612776,57.95085570776737
10.419999999990523,388.55909332830925,58.54975847054388
10.519999999990432,394.45154794561677,59.14985647951105
10.619999999990341,400.4040814952459,59.75115156552128
10.71999999999025,406.4168137491215,60.3536457442248
10.81999999999016,412.4898638916202,60.957340646681416
10.919999999990068,418.62335410760716,61.56223875197085
11.019999999989977,424.81740325363353,62.16834242068637
11.119999999989886,431.07213218021207,62.77565374190876
11.219999999989795,437.38766050711274,63.38417403321175
11.319999999989705,443.7641117514577,63.993905069877115
11.419999999989614,450.20160523382947,64.60484834037605
11.519999999989523,456.70026350254193,65.21700646686762
11.619999999989432,463.26020538737066,65.83038077190832
11.71999999998934,469.88155559974257,66.44497370064975
11.81999999998925,476.5644346413901,67.06078738687943
11.919999999989159,483.30896372091956,67.67782366612764
12.019999999989068,490.11526606732514,68.29608437054917
12.119999999988977,496.9834653972648,68.91557169054029
12.219999999988886,503.9136838777922,69.53628788929846
12.319999999988795,510.90604402893223,70.1582350011268
12.419999999988704,517.9606678180862,70.78141552804956
12.519999999988613,525.0776799723972,71.40583081067062
12.619999999988522,532.2572044935077,72.03148303563067
12.719999999988431,539.4993626830401,72.65837443743308
12.81999999998834,546.8042817945825,73.28650711657967
12.91999999998825,554.1720822621137,73.91588294878201
13.03999999998814,563.0966280815192,74.67277845457349
13.13999999998805,570.6032134551788,75.3048969040595
13.239999999987958,578.1730803257087,75.93826537060704
13.339999999987867,585.8063550066436,76.57288557621466
13.439999999987776,593.5031627746066,77.2087593706035
13.539999999987685,601.263627759763,77.84588928709867
13.639999999987594,609.0878769689007,78.4842768663789
13.739999999987504,616.9760335496394,79.1239244585943
13.839999999987413,624.9282269914402,79.76483373943697
13.939999999987322,632.9445817869855,80.4070071343593
14.03999999998723,641.0252246101154,81.05044647732687
14.13999999998714,649.1702816329198,81.69515379077912
14.239999999987049,657.3798810481094,82.341131614331
14.339999999986958,665.6541498827282,82.98838136211454
14.439999999986867,673.9932139454177,83.63690539539841
14.539999999986776,682.3972010633443,84.28670571623637
14.639999999986685,690.866241123178,84.93778486165354
14.739999999986594,699.400459202705,85.59014452997607
14.839999999986503,707.9999848476145,86.24378738377
14.939999999986412,716.6649456431624,86.89871560872264
15.039999999986321,725.3954702350311,87.55493007544348
15.13999999998623,734.1916869283887,88.21243312712272
15.23999999998614,743.0537255719537,88.87122730784264
15.339999999986048,751.9817164626438,89.5313148232109
15.439999999985957,760.9757865343709,90.19269730555989
15.539999999985866,770.0360660230508,90.85537711709705
15.639999999985776,779.1626848201267,91.51935545819613
15.739999999985685,788.3557742832927,92.18463513763318
15.839999999985594,797.6154614392435,92.85121825520696
15.939999999985503,806.9418792678043,93.51910731016906
16.03999999998541,816.3351579244481,94.18830359261067
16.13999999998532,825.7954285213491,94.85880987403631
16.23999999998523,835.322820036672,95.53062843938588
16.33999999998514,844.9174670642242,96.20376014226571
16.439999999985048,854.5794981366489,96.87820819080142
16.539999999984957,864.309046505834,97.55397437482227
16.639999999984866,874.1062424418051,98.23106020247594
16.739999999984775,883.9712197964545,98.90946810993906
16.839999999984684,893.9041102080373,99.589200540687
16.939999999984593,903.9050469694193,100.27025994586243
17.059999999984484,915.996176357381,101.08928614894961
17.13999999998441,924.1115856858669,101.63636915573491
17.23999999998432,934.3174542069901,102.32142405179604
17.33999999998423,944.5919023839524,103.00781614777593
17.45999999998412,957.0119509748183,103.83325598321446
17.539999999984047,965.3470673795091,104.38462392209917
17.65999999998394,977.932540178299,105.21329132227672
17.759999999983847,988.4964787348872,105.9053313688662
17.839999999983775,996.9975030897185,106.45993633486138
17.939999999983684,1007.6862380298553,107.15441197600259
18.059999999983575,1020.6045003084,107.98957495089194
18.1399999999835,1029.2724067718955,108.54743823514116
18.259999999983393,1042.358038897859,109.38586871208673
18.3599999999833,1053.339674635441,110.08606380696942
18.45999999998321,1064.3914036585484,110.7876280634118
18.55999999998312,1075.5133617050014,111.49056413859456
18.65999999998303,1086.7056869358057,112.19487540931885
18.759999999982938,1097.9685172156896,112.90056495631289
18.859999999982847,1109.301989872707,113.60763641685085
18.959999999982756,1120.7062446585624,114.31609146762563
19.059999999982665,1132.1814195209881,115.02593368317264
19.159999999982574,1143.727653027163,115.7371661997842
19.259999999982483,1155.3450837460114,116.4497922805407
19.359999999982392,1167.0338507588021,117.16381406367216
19.4599999999823,1178.7940938109532,117.87923522906505
19.55999999998221,1190.625955116353,118.59605916759071
19.65999999998212,1202.5295733492821,119.31428888752747
19.75999999998203,1214.5050878953189,120.03392788296283
19.859999999981937,1226.5526423157426,120.75497902996504
19.959999999981846,1238.672377378447,121.47744610645894
20.059999999981756,1250.8644328231458,122.20133187736069
20.159999999981665,1263.1289537585108,122.92663957655105
20.259999999981574,1275.466080543003,123.65337185799207
20.359999999981483,1287.8759567615343,124.38153270220391
20.45999999998139,1300.3587217428721,125.11112432028945
20.5599999999813,1312.9145234981552,125.8421505226907
20.65999999998121,1325.543503727764,126.57461458092376
20.75999999998112,1338.245804665261,127.30852032231002
20.859999999981028,1351.0215737944236,128.04386994875534
20.959999999980937,1363.8709548459155,128.7806669587325
21.059999999980846,1376.794089042698,129.51891509648243
21.159999999980755,1389.7911272428464,130.2586189088331
21.259999999980664,1402.8622111148434,130.9997810854325
21.359999999980573,1416.0074874684215,131.74240419012608
21.459999999980482,1429.2271029211115,132.48649122123905
21.55999999998039,1442.5212057111785,133.23204614953627
21.6599999999803,1455.8899390469305,133.97907322505162
21.75999999998021,1469.3334520069184,134.72757539956393
21.85999999998012,1482.8518932017032,135.47755704638175
21.959999999980027,1496.4454109548824,136.22901980974558
22.059999999979937,1510.114150788635,136.98196717562996
22.159999999979846,1523.858264775481,137.73640266126228
22.259999999979755,1537.677899427712,138.4923308157514
22.359999999979664,1551.57320535928,139.24975522710028
22.459999999979573,1565.5443314245204,140.0086801774143
22.559999999979482,1579.5914282944286,140.76910791280136
22.679999999979373,1596.5484373311047,141.6836097786741
22.7599999999793,1607.9141369215213,142.29448514045126
22.87999999997919,1625.054416637984,143.21261572075795
22.959999999979118,1636.542537231464,143.82591696487037
23.059999999979027,1650.9717509686016,144.59391246175966
23.159999999978936,1665.4778441482922,145.36343279382032
23.279999999978827,1682.986850330024,146.2888730560637
23.379999999978736,1697.6626135536935,147.06175794313287
23.459999999978663,1709.4589224463562,147.68117281016902
23.559999999978572,1724.2740609878674,148.45682653348928
23.65999999997848,1739.1668442437658,149.2340230088946
23.779999999978372,1757.140891306568,150.16870123879215
23.87999999997828,1772.2050380285364,150.94930531286485
23.97999999997819,1787.347324841423,151.7314642044459
24.0799999999781,1802.5679075296503,152.51518203082924
24.17999999997801,1817.866943689296,153.30046202004502
24.279999999977917,1833.244588272064,154.08730823560347
24.379999999977827,1848.7009979625,154.87572342788573
24.479999999977736,1864.236331315362,155.66571295458547
24.579999999977645,1879.8507428052835,156.45727950574144
24.679999999977554,1895.544394119177,157.25042749006414
24.779999999977463,1911.3174422929296,158.04516108677373
24.87999999997737,1927.1700459150597,158.84148451510399
24.97999999997728,1943.1023630646523,159.63939980724956
25.07999999997719,1959.1145545429317,160.4389114718301
25.1799999999771,1975.2067807691637,161.24002322772677
25.279999999977008,1991.3791982958792,162.04273902096716
25.379999999976917,2007.6319706852082,162.84706184652163
25.479999999976826,2023.9652582057752,163.652996866627
25.579999999976735,2040.3792223264463,164.46054671476847
25.679999999976644,2056.8740259786136,165.2697154285228
25.779999999976553,2073.449829538702,166.08050624936627
25.879999999976462,2090.106795595144,166.89292442499823
25.97999999997637,2106.8450854917755,167.70697336210992
26.07999999997628,2123.66486660135,168.52265697736334
26.17999999997619,2140.5662996262545,169.3399788274075
26.2799999999761,2157.5495492814807,170.1589446531899
26.379999999976008,2174.614780526259,170.97955789016837
26.479999999975917,2191.7621571405325,171.80182124422578
26.579999999975826,2208.9918452579295,172.62573984557534
26.679999999975735,2226.3040107934503,173.45131735648454
26.779999999975644,2243.698818470468,174.27855770916625
26.879999999975553,2261.176436296082,175.10746510781348
26.979999999975462,2278.7370302601485,175.93804441434477
27.07999999997537,2296.3807679251768,176.77029954207998
27.17999999997528,2314.1078181256307,177.60423370580182
27.29999999997517,2335.490484297974,178.6071757381964
27.39999999997508,2353.4014123531524,179.44481766209455
27.479999999975007,2367.7905182921095,180.11615007757865
27.599999999974898,2389.4749891486717,181.12518587963135
27.699999999974807,2407.637978451443,181.9679190711303
27.799999999974716,2425.8853285966907,182.81235707485993
27.879999999974643,2440.5440624289913,183.48913912530315
27.999999999974534,2462.6337941851234,184.50636808350043
28.099999999974443,2481.13525245199,185.35594842104416
28.199999999974352,2499.721758263069,186.20725145991776
28.29999999997426,2518.39348165947,187.06028152055742
28.37999999997419,2533.3923344599316,187.743951552028
28.49999999997408,2555.993278110982,188.7715382936925
28.59999999997399,2574.9216972107533,189.6297735436303
28.699999999973898,2593.9360294805374,190.4897524810568
28.799999999973807,2613.036449614214,191.35147982723333
28.899999999973716,2632.2231328823837,192.2149609293592
28.999999999973625,2651.4962538314285,193.08019972412905
29.099999999973534,2670.8559897576924,193.94720065526343
29.199999999973443,2690.3025159137323,194.81596727281598
29.299999999973352,2709.8360111000948,195.68650557184338
29.39999999997326,2729.4566496544285,196.55882068375453
29.49999999997317,2749.1646118164062,197.43291701127916
29.59999999997308,2768.960076300311,198.30879835236703
29.699999999972988,2788.8432197372895,199.18646797883966
29.799999999972897,2808.8142225040356,200.06593116451512
29.899999999972806,2828.8732643916737,200.94719143448842
29.999999999972715,2849.020524448133,201.83025375733712
30.099999999972624,2869.2561837153044,202.71512448178942
30.199999999972533,2889.580424167216,203.60180700902723
30.299999999972442,2909.993425002205,204.49030567045978
30.39999999997235,2930.4953705070075,205.38062540634152
30.49999999997226,2951.0864426213084,206.27277071299156
30.59999999997217,2971.766822990612,207.16674750752222
30.69999999997208,2992.5366954712663,208.0625615263309
30.799999999971988,3013.3962451094994,208.9602177403771
30.899999999971897,3034.3456552549032,209.85971896855273
30.999999999971806,3055.3851097193547,210.76106020650087
31.099999999971715,3076.5147932912223,211.66423049206085
31.199999999971624,3097.734888313571,212.56923351817133
31.299999999971533,3119.045576341683,213.4760548391238
31.399999999971442,3140.4470406109467,214.3846703036844
31.49999999997135,3161.939457812812,215.2950831528188
31.59999999997126,3183.5230089973193,216.2072969687644
31.69999999997117,3205.197873379453,217.12131409945295
31.799999999971078,3226.964233087958,218.03713772943271
31.91999999997097,3253.2048911881866,219.13851694092784
31.999999999970896,3270.772158829146,219.87422086482655
32.11999999997079,3297.2335372404195,220.97995830820477
32.219999999970696,3319.3861526541878,221.90341028124382
32.29999999997062,3337.1747939677443,222.64348602048327
32.39999999997053,3359.4939329918707,223.57022654811198
32.49999999997044,3381.9058408507844,224.49879835976972
32.61999999997033,3408.9228410332,225.61550792305442
32.69999999997026,3427.008694127435,226.3614544333678
32.79999999997017,3449.7000082635786,227.29554666011788
32.89999999997008,3472.4848275774857,228.23148679431253
33.01999999996997,3499.95029804192,229.35706040849288
33.11999999996988,3522.941478696768,230.29708104781463
33.21999999996979,3546.0267578503117,231.23896306248182
33.319999999969696,3569.206322868122,232.182710654223
33.39999999996962,3587.8179842524696,232.93905472228477
33.519999999969514,3615.849053004291,234.07581871201202
33.61999999996942,3639.3125943151535,235.02518717348616
33.71999999996933,3662.8711707366165,235.9764388049141
33.81999999996924,3686.5249702015426,236.92957733169453
33.91999999996915,3710.2741806225386,237.88460619950607
34.01999999996906,3734.118992307456,238.84153073528498
34.11999999996897,3758.059595782659,239.80035470570036
34.21999999996888,3782.0961801052326,240.76108255683434
34.319999999968786,3806.2289366507903,241.72371841583504
34.419999999968695,3830.4580561909825,242.68826650253487
34.519999999968604,3854.7837291832548,243.65473146283588
34.61999999996851,3879.206150950864,244.62311869331506
34.71999999996842,3903.725510539487,245.59343273110744
34.81999999996833,3928.3420038379263,246.56567838053647
34.91999999996824,3953.055821217131,247.5398590316007
35.01999999996815,3977.867158149369,248.51597868522663
35.11999999996806,4002.7762091953773,249.4940431071464
35.21999999996797,4027.783168049529,250.4740560520569
35.31999999996788,4052.8882310040062,251.45602223570566
35.419999999967786,4078.091592684854,252.43994617395737
35.519999999967695,4103.393450147589,253.42583249312108
35.619999999967604,4128.793999802321,254.41368474374445
35.71999999996751,4154.293437271495,255.40350885924622
35.81999999996742,4179.891960718436,256.3953089576851
35.91999999996733,4205.589769861777,257.38909063658406
36.01999999996724,4231.3870602372335,258.3848600918671
36.11999999996715,4257.284033333417,259.3826219279545
36.21999999996706,4283.280887732282,260.3823817118357
36.31999999996697,4309.377823262708,261.38414423807984
36.419999999966876,4335.575041624834,262.38791504103074
36.519999999966785,4361.872743999469,263.39369930672336
36.619999999966694,4388.271131137502,264.401501845089
36.7199999999666,4414.770405013347,265.41132763065826
36.81999999996651,4441.370769461268,266.42318199528876
36.91999999996642,4468.072427111096,267.43707082815445
37.03999999996631,4500.248409747146,268.656430733314
37.11999999996624,4521.780437679612,269.4709737640738
37.21999999996615,4548.787199698039,270.49099850960357
37.33999999996604,4581.33011901041,271.7177416824961
37.43999999996595,4608.561797883245,272.74229580299897
37.53999999996586,4635.896042232402,273.76891686636736
37.63999999996577,4663.333059248282,274.7976116178704
37.719999999965694,4685.356809265446,275.622063844394
37.839999999965585,4718.5162425987655,276.8612441679107
37.939999999965494,4746.262826327584,277.8961924752096
38.0399999999654,4774.113014903036,278.933238665741
38.13999999996531,4802.067021438968,279.97239202597916
38.23999999996522,4830.125058985082,281.0137055440967
38.33999999996513,4858.287346678902,282.057256097706
38.43999999996504,4886.554114370723,283.10310759043693
38.53999999996495,4914.925594212604,284.15131530184976
38.63999999996486,4943.402023875155,285.20192300998525
38.739999999964766,4971.983646006789,286.25496222140237
38.839999999964675,5000.670704987482,287.31045357637163
38.9199999999646,5023.69643217593,288.15661892247294
39.01999999996451,5052.573898729053,289.2165396852992
39.11999999996442,5081.55749022949,290.2789064607053
39.21999999996433,5110.647450437304,291.34369156142645
39.31999999996424,5139.844018156757,292.4108506634594
39.41999999996415,5169.1474288607715,293.4803204206716
39.51999999996406,5198.557907654555,294.5520442835415
39.619999999963966,5228.0756812407635,295.62603049371734
39.719999999963875,5257.700978353736,296.7023060688773
39.839999999963766,5293.393588972045,297.9969049630052
39.939999999963675,5323.256252465537,299.07833709458833
40.039999999963584,5353.227189497091,300.1621749697115
40.13999999996349,5383.306644452037,301.2484604493083
40.2399999999634,5413.494863283471,302.3372392166925
40.33999999996331,5443.792098503327,303.42855663500006
40.43999999996322,5474.198608702514,304.5224612863688
40.53999999996313,5504.71465372364,305.61900077537393
40.63999999996304,5535.340500812745,306.7182243898006
40.73999999996295,5566.076420562342,307.8201788704031
40.819999999962874,5590.744595008669,308.7037385461141
40.91999999996278,5621.679345498444,309.8107229971098
41.039999999962674,5658.947403152008,311.14287905419303
41.13999999996258,5690.1264193338575,312.25620190568475
41.23999999996249,5721.416931362241,313.372469748532
41.3399999999624,5752.819237227552,314.491717707444
41.43999999996231,5784.333635336137,315.6139783126112
41.53999999996222,5815.960431235959,316.7392792976293
41.63999999996213,5847.699926911737,317.867646739932
41.73999999996204,5879.552433621488,318.99910252723436
41.83999999996195,5911.518259799806,320.1336628553765
41.939999999961856,5943.597717963974,321.2713410366161
42.039999999961765,5975.791118991328,322.4121488232869
42.139999999961674,6008.098776906496,323.5560913949679
42.23999999996158,6040.521006504423,324.70316908025126
42.33999999996149,6073.058119842666,325.85338067411624
42.4399999999614,6105.710432432126,327.00671937775365
42.53999999996131,6138.478252167231,328.16317222767816
42.63999999996122,6171.361892948626,329.32272349011464
42.73999999996113,6204.361664254102,330.48535343435077
42.83999999996104,6237.477870264556,331.65103734375367
42.939999999960946,6270.710816206178,332.819750584103
43.039999999960855,6304.060802049935,333.99146386409
43.139999999960764,6337.528126999852,335.1661419868018
43.23999999996067,6371.113084595418,336.34374806753044
43.33999999996058,6404.815966795082,337.52424160121916
43.43999999996049,6438.637057795073,338.7075782199508
43.5399999999604,6472.576640947489,339.893708320079
43.63999999996031,6506.634991307743,341.0825806651187
43.73999999996022,6540.812380597461,342.27413981043276
43.83999999996013,6575.109073913889,343.4683291862772
43.93999999996004,6609.525330917095,344.665087815201
44.039999999959946,6644.0614051582525,345.8643488490707
44.139999999959855,6678.717541561229,347.06604334535706
44.239999999959764,6713.493979969528,348.2700983311402
44.33999999995967,6748.390955694718,349.4764893945002
44.43999999995958,6783.408702681772,350.685229230027
44.53999999995949,6818.547455417691,351.89632967346927
44.6399999999594,6853.8074501599185,353.1098006575507
44.73999999995931,6889.188925412716,354.3256561809715
44.83999999995922,6924.6921216896735,355.5439098221904
44.93999999995913,6960.31727889867,356.76457379855384
45.05999999995902,7003.228796024923,358.23256872525343
45.15999999995893,7039.123120339122,359.45857738335934
45.259999999958836,7075.14018371026,360.68703918469953
45.359999999958745,7111.280232534627,361.91796683665234
45.459999999958654,7147.5435152889695,363.15137410793045
45.55999999995856,7183.930279679014,364.38727376404506
45.65999999995847,7220.440776787,365.62567873487757
45.75999999995838,7257.075256164535,366.86660217845616
45.85999999995829,7293.833972587716,368.1100595111682
45.9599999999582,7330.717179836356,369.35606317859396
46.05999999995811,7367.725131694926,370.6046254548094
46.15999999995802,7404.85808798403,371.85575827577145
46.25999999995793,7442.116303998046,373.109477758379
46.359999999957836,7479.500040644198,374.36579555019074
46.459999999957745,7517.009558290825,375.62472551077263
46.559999999957654,7554.64511938428,376.8862825145674
46.65999999995756,7592.406987249153,378.15047513423
46.75999999995747,7630.295425153221,379.4173172731905
46.85999999995738,7668.31070021959,380.6868218991201
46.95999999995729,7706.453079202911,381.9590050524389
47.0599999999572,7744.722832089057,383.23387865809315
47.15999999995711,7783.120228516171,384.5114550356976
47.25999999995702,7821.645538659301,385.79174754650387
47.359999999956926,7860.29903539049,387.07477128268795
47.459999999956835,7899.08099354303,388.36054080967983
47.559999999956744,7937.991687385947,389.64906926232663
47.65999999995665,7977.031394046731,390.94036607029733
47.75999999995656,8016.2003927232,392.23444529801554
47.85999999995647,8055.498960402212,393.5313214679893
47.95999999995638,8094.927378510125,394.83100804431837
48.05999999995629,8134.485929404269,396.1335188983536
48.1599999999562,8174.174896382727,397.4388644225925
48.25999999995611,8213.994562389096,398.7470560758506
48.35999999995602,8253.945214756648,400.05810923008926
48.459999999955926,8294.027139968472,401.37203808274535
48.559999999955835,8334.24062757648,402.6888548855301
48.659999999955744,8374.585965426057,404.0085712451171
48.75999999995565,8415.063444808358,405.3311997713394
48.879999999955544,8463.811258386238,406.9222133330559
48.95999999995547,8496.41599826992,407.9852388823819
49.05999999995538,8537.291661666706,409.31667444468064
49.17999999995527,8586.518460523454,410.9183038836378
49.27999999995518,8627.687811811571,412.25626333356985
49.35999999995511,8660.719738128711,413.3287791401145
49.479999999955,8710.428726766724,414.94114736801544
49.57999999995491,8752.000892205746,416.28810651045643
49.679999999954816,8793.707932184334,417.6380909363407
49.779999999954725,8835.55014843028,418.9911096759714
49.85999999995465,8869.121454484179,420.0757188645234
49.97999999995454,8919.641333782929,421.70629966527787
50.07999999995445,8961.890913456213,423.06848529771
50.17999999995436,9004.27689208975,424.4337448089438
50.27999999995427,9046.799579421175,425.80208507174643
50.37999999995418,9089.459284873214,427.1735147132482
50.47999999995409,9132.256316362065,428.5480431560962
50.579999999954,9175.19098502025,429.9256790064959
50.67999999995391,9218.263602012536,431.30643230474146
50.779999999953816,9261.474480938632,432.69030987010626
50.879999999953725,9304.82393414271,434.07731694905317
50.979999999953634,9348.312274605269,435.4674633308655
51.07999999995354,9391.939816566533,436.86076030905326
51.17999999995345,9435.706877385965,438.25721563292535
51.27999999995336,9479.613772739074,439.6568349875229
51.37999999995327,9523.660818729317,441.0596262160729
51.47999999995318,9567.848333346308,442.465598678669
51.57999999995309,9612.176635891898,443.87475950878013
51.679999999953,9656.646045337315,445.2871145460514
51.779999999952906,9701.25688315113,446.70267101866136
51.879999999952815,9746.009468425298,448.1214371615029
51.979999999952724,9790.904123482876,449.5434220278511
52.07999999995263,9835.941170695354,450.9686323450993
52.17999999995254,9881.120932818041,452.39707436881895
52.27999999995245,9926.443732764688,453.82875438657254
52.37999999995236,9971.90989567386,455.2636802688292
52.47999999995227,10017.519748325343,456.70185866597285
52.57999999995218,10063.27361310285,458.14328964980825
52.69999999995207,10118.368796230061,459.87716318158374
52.779999999952,10155.214622686268,461.0352186295564
52.879999999951906,10201.402284975862,462.48470309195477
52.9999999999518,10257.018953889376,464.22638284876206
53.099999999951706,10303.525914929574,465.6791720559601
53.199999999951615,10350.178190240986,467.13257338032344
53.299999999951524,10396.975805550348,468.5858988537894
53.39999999995143,10443.918723231764,470.0385462163412
53.49999999995134,10491.006852091989,471.49001648130655
53.59999999995125,10538.240058073774,472.9398601261067
53.69999999995116,10585.618171358248,474.3877063952431
53.79999999995107,10633.140992217464,475.83334180717327
53.89999999995098,10680.808314014925,477.2767353046609
53.99999999995089,10728.619924032013,478.71791033748667
54.099999999950796,10776.575615975074,480.15697036577956
54.199999999950705,10824.675202406477,481.59411791317314
54.299999999950614,10872.918514917605,483.02961358984066
54.39999999995052,10921.305413889117,484.4637338013698
54.49999999995043,10969.835782010807,485.8967221454123
54.59999999995034,11018.509526039357,487.3287860950146
54.69999999995025,11067.326569429017,488.7601292452076
54.79999999995016,11116.286856985535,490.1909662332348
54.89999999995007,11165.39035486721,491.62151283455364
54.99999999994998,11214.637047246564,493.0519753096124
55.09999999994989,11264.02693736367,494.4824990126638
55.199999999949796,11313.560038593248,495.91321799573535
55.299999999949705,11363.236377561348,497.344264438748
55.399999999949614,11413.055994734517,498.77576890345614
55.49999999994952,11463.018940593349,500.2078546069395
55.59999999994943,11513.125278279535,501.6406508583898
55.69999999994934,11563.375076967874,503.0742371230471
55.79999999994925,11613.768418827676,504.5086902897511
55.89999999994916,11664.305387391476,505.94409746859355
55.99999999994907,11714.986079138122,507.38054878825915
56.09999999994898,11765.810593233211,508.8181252061428
56.179999999948905,11806.573830649606,509.96905401889984
56.279999999948814,11857.657503828406,511.40883322332587
56.37999999994872,11908.885312637547,512.8497622121208
56.47999999994863,11960.257355175097,514.2919666959125
56.55999999994856,12001.458940706798,515.4470406505422
56.67999999994845,12063.434785029618,517.1820529263529
56.77999999994836,12115.240539047169,518.6301257258676
56.87999999994827,12167.191239495645,520.0803147035216
56.97999999994818,12219.287086175987,521.5327146490741
57.079999999948086,12271.528286201064,522.9873578114291
57.179999999947995,12323.915039279149,524.4442201356986
57.279999999947904,12376.447553769685,525.903390331302
57.37999999994781,12429.126044920762,527.3649736915661
57.47999999994772,12481.950736612082,528.8290701705215
57.57999999994763,12534.921862299787,530.2958015223854
57.67999999994754,12588.039668735699,531.7652973969259
57.77999999994745,12641.304415290244,533.237682958681
57.87999999994736,12694.716369531117,534.713082037164
57.97999999994727,12748.275815529167,536.1916061300291
58.07999999994718,12801.983042016509,537.6733798000905
58.179999999947086,12855.838353258558,539.1585311232808
58.279999999946995,12909.842067324556,540.6471834529972
58.379999999946904,12963.994509900105,542.1394556351004
58.47999999994681,13018.296021203045,543.6354604834844
58.57999999994672,13072.746948509244,545.1353077670457
58.67999999994663,13127.347655543825,546.6391080527827
58.77999999994654,13182.098510845914,548.1469663334037
58.87999999994645,13236.999895479647,549.6589804683761
58.97999999994636,13292.052201326704,551.1752456913642
59.09999999994625,13358.314748029574,553.000494660982
59.21999999994614,13424.795902049402,554.8321238461255
59.31999999994605,13480.364378376631,556.363451291051
59.41999999994596,13536.085593504948,557.8993684080764
59.51999999994587,13591.959979508538,559.439934871237
59.599999999945794,13636.770067821955,560.675773579127
59.719999999945685,13704.170029752073,562.5352328469824
59.819999999945594,13760.506585932686,564.090055731589
59.9199999999455,13816.998102134326,565.6497079576402
60.01999999994541,13873.645032544271,567.2142170114992
60.11999999994532,13930.447836197214,568.7835998337604
60.21999999994523,13987.40697637829,570.3578683990821
60.31999999994514,14044.52291247889,571.9370267386723
60.41999999994505,14101.796107073082,573.5210684012583
60.51999999994496,14159.227022826555,575.109981504509
60.619999999944866,14216.816119910683,576.70374735025
60.719999999944775,14274.56385430065,578.3023391804015
60.819999999944685,14332.470682067564,579.9057253665355
60.919999999944594,14390.537054788554,581.513866396159
61.0199999999445,14448.763419528375,583.1267181953451
61.11999999994441,14507.150218266877,584.7442305175092
61.21999999994432,14565.697889290983,586.3663501550428
61.31999999994423,14624.406861907686,587.9930167744911
61.41999999994414,14683.277562113362,589.6241677967852
61.51999999994405,14742.310406587203,591.2597360056727
61.61999999994396,14801.505806182744,592.8996533884313
61.719999999943866,14860.864164755214,594.54385600424
61.819999999943775,14920.385877804481,596.1922929946302
61.919999999943684,14980.071337630157,597.8449119532522
62.039999999943575,15051.910578970914,599.8335002483224
62.139999999943484,15111.957630542223,601.4951291404708
62.19999999994343,15148.065016609384,602.494033528254
62.27999999994336,15196.300712349941,603.828129563572
62.41999999994323,15280.968111734604,606.1688350737383
62.51999999994314,15341.64392505528,607.84540159919
62.61999999994305,15402.4860496982,609.5257699664276
62.71999999994296,15463.494825436035,611.209887805843
62.819999999942866,15524.670588491601,612.897704629469
62.89999999994279,15573.73164965969,614.2505893482968
63.019999999942684,15647.524382121512,616.2842473299703
63.11999999994259,15709.203050939483,617.982883597805
63.2199999999425,15771.049986569793,619.6850415893254
63.31999999994241,15833.065493547125,621.3906850665928
63.41999999994232,15895.249874769826,623.0997782852293
63.51999999994223,15957.603424872737,624.8122912735164
63.61999999994214,16020.126440849388,626.5281969273569
63.71999999994205,16082.819208107772,628.2474746561957
63.819999999941956,16145.682014052058,629.9701339973018
63.919999999941865,16208.715147773735,631.6961648110852
64.01999999994177,16271.918890876696,633.4255543065699
64.0999999999417,16322.604914563126,634.8114784451514
64.21999999994159,16398.839332561474,636.8943766188532
64.3199999999415,16462.556588514126,638.6338012867486
64.41999999994147,16526.445572454366,640.3765689052756
64.51999999994138,16590.5065584447,642.1226863263328
64.61999999994129,16654.73982271494,643.8721618089287
64.7199999999412,16719.14564139978,645.6250088098705
64.83999999994109,16796.660785655375,647.7328976705891
64.939999999941,16861.447202167008,649.4932241477882
65.0399999999409,16926.40706276172,651.2569853306925
65.11999999994083,16978.500019980478,652.6704837554632
65.21999999994074,17043.772789299255,654.440493298245
65.31999999994065,17109.21979528945,656.2140167089123
65.41999999994056,17174.84132417466,657.9910859911852
65.53999999994045,17253.817940834677,660.1282977671364
65.63999999994036,17319.82444870693,661.9132923306635
65.73999999994027,17386.00642096484,663.7019473797382
65.8199999999402,17439.07853404584,665.135536538071
65.9199999999401,17505.577102036565,666.9308872397363
66.03999999994,17585.60814673407,669.0902954026533
66.09999999993994,17625.719047203776,670.1720606210724
66.19999999993985,17692.712086013285,671.9780879845388
66.29999999993976,17759.88232101954,673.7880075943586
66.39999999993967,17827.230078797555,675.6018625732423
66.4799999999396,17881.236319839605,677.0558066739741
66.59999999993948,17962.45946826518,679.2415385512792
66.67999999993941,18016.75100910291,680.7019339569574
66.77999999993932,18084.77636054519,682.531108723411
66.87999999993923,18152.98083796655,684.3644086715174
66.95999999993916,18207.673622384435,685.8340421677951
67.07999999993905,18289.92855665984,688.0435240936422
67.15999999993898,18344.909279966727,689.5198908243102
67.27999999993887,18427.596971583785,691.7395494857868
67.3599999999388,18482.86676845397,693.2227500570201
67.47999999993868,18565.98893330933,695.4527265934921
67.55999999993861,18621.54896265373,696.9428466451297
67.6799999999385,18705.10734803998,699.1832607424885
67.77999999993841,18774.939889449044,701.0550934699965
67.87999999993832,18844.95514688373,702.9313275855204
67.97999999993823,18915.15349016362,704.8119781226532
68.07999999993814,18985.53529282182,706.6970601967245
68.17999999993805,19056.100925807375,708.5865827959417
68.27999999993796,19126.850765069015,710.4805545864567
68.37999999993787,19197.785182413994,712.3789822870039
68.47999999993777,19268.904551849933,714.2818684089838
68.57999999993768,19340.209247543826,716.1892170471589
68.67999999993759,19411.69964212575,718.1010267498185
68.7799999999375,19483.37610634975,720.0172963351118
68.87999999993741,19555.239010058576,721.9380192720577
68.97999999993732,19627.288724256796,723.8631919667981
69.07999999993723,19699.525614507846,725.7928073307486
69.17999999993714,19771.950049548526,727.7268541240426
69.27999999993705,19844.562389571685,729.6653216498624
69.37999999993696,19917.36299581197,731.6081983312458
69.47999999993687,19990.3522283989,733.5554692825087
69.57999999993677,20063.53044074669,735.5071200226404
69.67999999993668,20136.897985276766,737.463135481975
69.77999999993659,20210.45521390508,739.4234992789159
69.89999999993648,20298.974755328847,741.7816504046158
69.99999999993639,20372.95049845893,743.7515173800144
70.07999999993632,20432.268436581828,745.3304993175196
70.17999999993623,20506.587820889312,747.3080747532888
70.27999999993614,20581.098582616658,749.2899057380033
70.39999999993603,20670.764574462664,751.6736947592026
70.49999999993594,20745.697512697196,753.6648214145307
70.59999999993585,20820.822863603127,755.6601435891562
70.69999999993576,20896.14094364294,757.6596405580783
70.79999999993566,20971.652063222486,759.6632959345472
70.89999999993557,21047.356530076708,761.6710917325734
70.99999999993548,21123.25464681443,763.6830107325242
71.09999999993539,21199.34671241208,765.6990362452254
71.1999999999353,21275.633024031413,767.719152843281
71.29999999993521,21352.113874790142,769.7433426035581
71.39999999993512,21428.789550836547,771.7715921124624
71.49999999993503,21505.660338492715,773.8038865161498
71.59999999993494,21582.726517209085,775.8402108640609
71.69999999993485,21659.988364045625,777.880553478312
71.77999999993477,21721.938907296048,779.5157117445276
71.89999999993466,21815.100153304404,781.973241521831
71.99999999993457,21892.950631858315,784.0255645307573
72.09999999993448,21970.99785243231,786.0818605131448
72.19999999993439,22049.242072308552,788.1421198958514
72.2999999999343,22127.68355105212,790.2063338433177
72.37999999993423,22190.578929960728,791.8605479516995
72.47999999993414,22269.37610969448,793.9318631097924
72.59999999993403,22364.194055883912,796.4226365402378
72.69999999993394,22443.427074403968,798.5026070061052
72.79999999993385,22522.858589064796,800.5865044634558
72.89999999993375,22602.48884009209,802.6743280686443
72.99999999993366,22682.318065864732,804.7660746393427
73.09999999993357,22762.34650214063,806.8617441815599
73.19999999993348,22842.574380223057,808.9613363800867
73.29999999993339,22923.00193070562,811.0648520654705
73.37999999993332,22987.48789056763,812.7504911351435
73.49999999993321,23084.45696764521,815.2836627940712
73.59999999993312,23165.484904121957,817.3989623619235
73.69999999993303,23246.713418827858,819.5181954028235
73.79999999993294,23328.14273418847,821.6413684130438
73.89999999993285,23409.77306803444,823.7684849519615
73.99999999993275,23491.604639984667,825.8995501960666
74.11999999993265,23590.068467511446,828.4620498021659
74.19999999993257,23655.872367553064,830.1735533501222
74.31999999993246,23754.82051654451,832.7455712933744
74.39999999993239,23820.947640448925,834.4634316138529
74.51999999993228,23920.38113460969,837.0450021131809
74.61999999993219,24003.46518534224,839.2007026153613
74.7199999999321,24086.752012197743,841.3604039370796
74.81999999993201,24170.241822776152,843.5241137085571
74.91999999993192,24253.93482526904,845.6918394138518
75.01999999993183,24337.831224447466,847.863587887834
75.11999999993174,24421.93122500577,850.0393682833771
75.21999999993164,24506.23503171804,852.2191887282058
75.31999999993155,24590.742847646703,854.403055388359
75.41999999993146,24675.45487370144,856.59097696185
75.51999999993137,24760.37131122814,858.7829598268162
75.61999999993128,24845.492358169053,860.9790099084894
75.71999999993119,24930.81821086444,863.1791350995933
75.8199999999311,25016.3490662782,865.3833411429771
75.91999999993101,25102.085117056267,867.5916314650233
76.01999999993092,25188.02655773412,869.8040124301859
76.11999999993083,25274.173579321126,872.020486940409
76.21999999993074,25360.52636880474,874.2410584527139
76.31999999993064,25447.085114348913,876.4657316147576
76.37999999993059,25499.119298486854,877.8025048463955
76.49999999993048,25603.410455789417,880.4804843684252
76.59999999993039,25690.546855132794,882.7166491859952
76.6999999999303,25777.889901397284,884.9569246577888
76.79999999993021,25865.439774121623,887.2013548991736
76.89999999993012,25953.19664982322,889.449948112446
77.01999999993001,26058.778399485396,892.1537510891405
77.09999999992993,26129.332125516026,893.959611699922
77.19999999992984,26217.711067643366,896.2206716853856
77.29999999992975,26306.29770310619,898.4858759102178
77.41999999992964,26412.876050126273,901.2095793996731
77.51999999992955,26501.920177899417,903.4838702535685
77.61999999992946,26591.172505352064,905.7622758495737
77.71999999992937,26680.633181588375,908.0447843671076
77.81999999992928,26770.302352569066,910.3313814393092
77.91999999992919,26860.180154471658,912.6220528807827
78.0199999999291,26950.26672295062,914.916784640916
78.13999999992899,27058.646355976,917.6757943596816
78.2399999999289,27149.192654178012,919.9793914769161
78.3399999999288,27239.94810827542,922.2869839329279
78.43999999992872,27330.91282530059,924.5985483229204
78.53999999992863,27422.08690807852,926.9140581038873
78.63999999992853,27513.470449664863,929.2334865195801
78.73999999992844,27605.063536952133,931.5568025594747
78.83999999992835,27696.866247067926,933.8839748251622
78.93999999992826,27788.878651107312,936.214969669795
79.03999999992817,27881.10080903012,938.5497528209231
79.71999999992755,28510.11722519691,939.5009186458448
79.81999999992746,28602.4507179613,939.541222947477
79.91999999992737,28694.785094067687,939.6379559247752
80.01999999992728,28787.12092454778,939.7350009727975
80.13999999992717,28897.923118796316,939.7734165033011
80.23999999992708,28990.24581882544,939.7607309008457
80.33999999992699,29082.567739022896,939.8605618634199
80.41999999992692,29156.426303239772,939.9401299272722
80.51999999992682,29248.7507214403,940.039957789995
80.61999999992673,29341.076492032036,940.140346892393
80.71999999992664,29433.40354281303,940.2404468645332
80.81999999992655,29525.731679569813,940.339754020413
80.93999999992644,29636.52622865548,940.4548383937032
81.03999999992635,29728.85491600656,940.5459927357242
81.13999999992626,29821.183003232814,940.6362510658698
81.23999999992617,29913.510229165666,940.7251605744262
81.29999999992611,29968.90602583345,940.7778977808235
81.43999999992599,30098.160639667185,940.8967723512648
81.5399999999259,30190.48304091813,940.9801010883141
81.65999999992579,30301.26703875116,941.0795397985779
81.73999999992571,30375.12111350859,941.1448515520265
81.83999999992562,30467.436304916395,941.225405021682
81.95999999992551,30578.210678912816,941.3209111489389
82.05999999992542,30670.519235090236,941.3998321590457
82.15999999992533,30762.82448959851,941.4780623652309
82.25999999992524,30855.126223849715,941.5553757078847
82.35999999992515,30947.42423539702,941.6319347250787
82.45999999992506,31039.718334267964,941.7078967323761
82.55999999992497,31132.008343442925,941.7831573415938
82.65999999992488,31224.294067403534,941.8576448422162
82.75999999992479,31316.575301057426,941.931338531063
82.8599999999247,31408.851852171356,942.0043088291449
82.9599999999246,31501.123528867494,942.0765613522954
83.05999999992451,31593.390128629515,942.1479876411817
83.15999999992442,31685.651445957017,942.2185872581802
83.25999999992433,31777.90727632807,942.2883645779498
83.35999999992424,31870.157414496294,942.3573179974495
83.45999999992415,31962.401653948706,942.4254205712213
83.55999999992406,32054.63978014933,942.4926177634429
83.65999999992397,32146.87157663342,942.558915097353
83.75999999992388,32239.09682828549,942.6242977121966
83.85999999992379,32331.315315334243,942.6887498006065
83.9599999999237,32423.526817810955,942.752251297848
84.0599999999236,32515.731109159184,942.8147752905435
84.15999999992351,32607.927964523435,942.8763209357362
84.2799999999234,32718.554055663524,942.9488490590173
84.35999999992333,32792.2984543948,942.9963827468935
84.45999999992324,32884.47162508196,943.0548685820102
84.57999999992313,32995.06837156799,943.1236594392448
84.67999999992304,33087.22283289803,943.1798153136922
84.77999999992295,33179.36840878683,943.2348878312465
84.87999999992286,33271.50485642557,943.2888391515877
84.95999999992279,33345.2072788619,943.3311968659626
85.0599999999227,33437.32668044232,943.3831361866665
85.17999999992259,33547.85698566388,943.4439587262009
85.25999999992251,33621.53579190746,943.4835926774218
85.35999999992242,33713.62500083679,943.532045115775
85.47999999992231,33824.11807782354,943.5886217448118
85.57999999992222,33916.18369955034,943.6344492150452
85.67999999992213,34008.23818964383,943.6790490287674
85.77999999992204,34100.28128763358,943.7223903226446
85.87999999992195,34192.31272804481,943.7644532299978
85.95999999992188,34265.92930850247,943.7971812980343
86.05999999992179,34357.9390941757,943.836914010245
86.1599999999217,34449.93647373794,943.8753347185898
86.27999999992159,34560.31657149317,943.9196915834498
86.3799999999215,34652.28570130037,943.9551820886078
86.4799999999214,34744.241550027626,943.989310820322
86.57999999992131,34836.18383869517,944.0220500016158
86.67999999992122,34928.112287911936,944.0533858897592
86.77999999992113,35020.02661516785,944.0833274519368
86.87999999992104,35111.92653736309,944.1118424671099
86.97999999992095,35203.811766292085,944.1389155082284
87.07999999992086,35295.68201323564,944.1645424119316
87.17999999992077,35387.53699038469,944.1887292942869
87.27999999992068,35479.37640768499,944.2114289155363
87.39999999992057,35589.56275280786,944.2367041137283
87.4799999999205,35663.00738042104,944.25234765189
87.59999999992039,35773.15453690954,944.274009815798
87.67999999992031,35846.57256134285,944.2872401566315
87.77999999992022,35938.32973184099,944.3023944981651
87.89999999992011,36048.415408819215,944.3185225167799
87.99999999992002,36140.13400791015,944.3302475519637
88.07999999991995,36213.495926097035,944.3384838100276
88.19999999991984,36323.5168301384,944.3489579580198
88.27999999991977,36396.84922182793,944.3546771307668
88.37999999991968,36488.49769081827,944.3603622492608
88.47999999991958,36580.12695445272,944.3644063581893
88.59999999991948,36690.056275368086,944.36712501119
88.69999999991938,36781.6421764883,944.3675860760272
88.7999999999193,36873.20785725163,944.3663813361538
88.8999999999192,36964.752994726994,944.3635016965038
88.99999999991911,37056.27726367896,944.3589414669649
89.09999999991902,37147.780340679106,944.3526904965833
89.19999999991893,37239.261898393044,944.3447301790118
89.29999999991884,37330.721608181135,944.3350659226259
89.37999999991877,37403.87342539604,944.3260989997493
89.49999999991866,37513.57416668476,944.3105551812813
89.59999999991857,37604.96634528367,944.2956641656206
89.69999999991848,37696.335340850055,944.2790185364969
89.73999999991844,37732.8763729115,944.2718532006281
89.85999999991833,37842.47667239793,944.2486799062102
89.95999999991824,37933.78380894242,944.2274055991141
90.05999999991815,38025.06653797394,944.2043215941364
90.17999999991804,38134.57310891512,944.1742043667504
90.27999999991795,38225.80092101451,944.1470829116181
90.35999999991787,38298.764812607784,944.1240365658987
90.47999999991777,38408.179625363206,944.0872332052309
90.57999999991767,38499.32980802294,944.0545132558312
90.6599999999176,38572.230831262656,944.0269979517108
90.7799999999175,38681.55006380426,943.9834496353086
90.8799999999174,38772.61942431808,943.9450874364621
90.97999999991731,38863.661128002685,943.9048275645536
91.05999999991724,38936.47433537664,943.8712256469931
91.17999999991713,39045.66011370742,943.8184911618698
91.27999999991704,39136.6166651143,943.772427464567
91.37999999991695,39227.54410014232,943.7244058274096
91.47999999991686,39318.44204838562,943.674406432749
91.57999999991677,39409.31014134816,943.6224679048518
91.67999999991667,39500.14801059931,943.5685524210539
91.77999999991658,39590.95527996833,943.5126464561956
91.87999999991649,39681.73157507577,943.4547413646317
91.9799999999164,39772.47651736869,943.3948132415335
92.07999999991631,39863.18972797785,943.3328827786494
92.15999999991624,39935.737197707174,943.281883749575
92.27999999991613,40044.519444298,943.2029413023578
92.37999999991604,40135.13518221793,943.1348970017511
92.47999999991595,40225.71765943628,943.064804839462
92.57999999991586,40316.266493541654,942.992678688737
92.65999999991578,40388.68107746192,942.9334644307431
92.75999999991569,40479.168374668225,942.8575674803706
92.87999999991558,40587.70724587876,942.7637249025765
92.95999999991551,40660.038369845366,942.6994898650083
93.05999999991542,40750.42028143443,942.6172962841077
93.15999999991533,40840.76627509284,942.5329841630239
93.25999999991524,40931.075955088716,942.4465376322339
93.37999999991513,41039.39907586668,942.339986327207
93.45999999991506,41111.58477800607,942.2672368003724
93.55999999991496,41201.78311968967,942.1743628422
93.65999999991487,41291.94354439166,942.0793262549508
93.77999999991476,41400.08542817563,941.9623674129031
93.87999999991467,41490.16100004106,941.8624994798838
93.97999999991458,41580.19735082297,941.7604338480952
94.07999999991449,41670.194070135825,941.6561615352451
94.1799999999144,41760.1507469191,941.5496755832121
94.27999999991431,41850.06696631666,941.4409664534575
94.37999999991422,41939.94231415668,941.3300193013126
94.47999999991413,42029.77637432644,941.2168317096537
94.57999999991404,42119.56873280706,941.1013996132957
94.67999999991395,42209.31897034368,940.9837264834297
94.77999999991385,42299.02666658431,940.8637948815777
94.87999999991376,42388.691401304095,940.741590003218
94.97999999991367,42478.312755052466,940.6171207020959
95.07999999991358,42567.89030201058,940.4903589060282
95.17999999991349,42657.42361793958,940.361298521203
95.2799999999134,42746.912274817354,940.229933552003
95.35999999991333,42818.47075865418,940.1231802431485
95.47999999991322,42925.75389892678,939.960256036085
95.57999999991313,43015.106005136855,939.8219239792921
95.67999999991304,43104.41173147748,939.6812753546104
95.77999999991295,43193.67064749345,939.5382841909844
95.87999999991285,43282.882318434305,939.3929462119033
95.97999999991276,43372.04630691861,939.2452560073732
96.07999999991267,43461.16217835958,939.0952122890222
96.17999999991258,43550.22949472733,938.942818798196
96.29999999991247,43657.045561246225,938.7567719722862
96.39999999991238,43746.00450609543,938.5991201856884
96.47999999991231,43817.1357069005,938.4712729613505
96.57999999991222,43906.00439286069,938.3093129952226
96.67999999991213,43994.8223125533,938.1449551973259
96.79999999991202,44101.33617927472,937.9445402677858
96.87999999991194,44172.30407323793,937.8089980462132
96.99999999991184,44278.69331652881,937.6027658866013
97.09999999991174,44367.29314092838,937.4282149646366
97.19999999991165,44455.839868168114,937.2512371006842
97.27999999991158,44526.638717035996,937.1079030498381
97.37999999991149,44615.08873060229,936.9265218743535
97.49999999991138,44721.15694747749,936.7056504827151
97.59999999991129,44809.48676213331,936.5188609508403
97.6999999999112,44897.76121061109,936.3295984334605
97.79999999991111,44985.97983455367,936.1378637522404
97.87999999991104,45056.51423321583,935.9826927831157
97.99999999991093,45162.24777496979,935.7469465810007
98.09999999991084,45250.29617042164,935.5477641002794
98.19999999991074,45338.28690180613,935.3460672693194
98.29999999991065,45426.21950391098,935.141857210218
98.39999999991056,45514.093515608576,934.935147759941
98.49999999991047,45601.90847086802,934.7259217921305
98.59999999991038,45689.663901342195,934.5141640467641
98.69999999991029,45777.35934145865,934.2998849953096
98.7999999999102,45864.99432337191,934.0830629417634
98.89999999991011,45952.56837577734,933.8637066233191
98.99999999991002,46040.08103202982,933.6418144956572
99.09999999990993,46127.53181905742,933.417376969018
99.17999999990985,46197.44758851919,933.2359901410435
99.29999999990974,46302.24590134458,932.9608138755881
99.39999999990965,46389.50824719691,932.7286911181033
99.49999999990956,46476.70683135709,932.4939982383931
99.59999999990947,46563.841176541406,932.2567333150884
99.69999999990938,46650.91080709896,932.0168957688556
99.79999999990929,46737.91524734651,931.7744792096227
99.8999999999092,46824.85401716828,931.5294660519656
99.99999999990911,46911.726638098015,931.2818615413979
100.09999999990902,46998.532627429115,931.0316394499816
100.19999999990893,47085.27150415012,930.7788266944026
100.31999999990882,47189.26886575436,930.4714440076115
100.39999999990874,47258.545870507136,930.2637839236519
100.49999999990865,47345.08018396504,930.0008602423787
100.61999999990854,47448.82976013725,929.6808791039459
100.69999999990847,47517.94020090881,929.4652105860882
100.81999999990836,47621.521317244275,929.1386546356223
100.91999999990827,47707.760888343095,928.863814369736
101.01999999990818,47793.92904155725,928.5867365130015
101.0999999999081,47862.811854707776,928.3636038161713
101.219999999908,47966.04940135719,928.026691136028
101.29999999990793,48034.816359936725,927.8007364531152
101.41999999990782,48137.879207925056,927.4599135486171
101.51999999990772,48223.68422599428,927.1743518953352
101.61999999990763,48309.41552564886,926.8875265274401
101.69999999990756,48377.94726421521,926.6572203752003
101.81999999990745,48480.655653018504,926.3105126510674
101.91999999990736,48566.16385364032,926.0205495384423
102.01999999990727,48651.59707560355,925.7297513363637
102.11999999990718,48736.95503601991,925.4382302710978
102.21999999990709,48822.23745913338,925.1460906819439
102.319999999907,48907.44408120157,924.8534297623603
102.4199999999069,48992.574648953625,924.5603473089317
102.51999999990682,49077.628912394284,924.2668959716643
102.59999999990674,49145.61722482508,924.0318902999113
102.69999999990665,49230.533538913005,923.7378859850047
102.81999999990654,49332.33149135823,923.3846386400517
102.91999999990645,49417.07813455397,923.08974554704
103.01999999990636,49501.74721585796,922.7941762054412
103.11999999990627,49586.338417147635,922.4972062573187
103.21999999990618,49670.85142075736,922.1992770011813
103.31999999990609,49755.28594829072,921.901221280605
103.419999999906,49839.64182965737,921.6041432216603
103.5199999999059,49923.91905128246,921.3091948851701
103.61999999990582,50008.117723263684,921.0173601044426
103.71999999990572,50092.23803117254,920.7296768157407
103.81999999990563,50176.28017954703,920.4458379562248
103.89999999990556,50243.45777007891,920.2214890121669
104.01999999990545,50344.13087636477,919.8894864610659
104.11999999990536,50427.93981798785,919.6166073702993
104.21999999990527,50511.67136654281,919.3469427626022
104.31999999990518,50595.325647784746,919.0803926642856
104.41999999990509,50678.90275582718,918.8164635457965
104.519999999905,50762.40275828587,918.5549879622242
104.6199999999049,50845.82570543827,918.2958136148098
104.71999999990481,50929.171622055816,918.0388090811614
104.81999999990472,51012.44052479591,917.7838735567246
104.91999999990463,51095.63241875195,917.5308791546204
105.01999999990454,51178.747306242585,917.2798284490796
105.11999999990445,51261.785184772336,917.0307661986158
105.21999999990436,51344.74605802377,916.7837102921785
105.31999999990427,51427.62993142102,916.5386779354
105.41999999990418,51510.43681294494,916.2957130412829
105.51999999990409,51593.1667163237,916.0548326264844
105.619999999904,51675.81966059352,915.8161297063078
105.7199999999039,51758.39566801535,915.5796210625006
105.81999999990381,51840.894765089615,915.3453230218846
105.91999999990372,51923.31697609543,915.1132552686365
106.01999999990363,52005.66233230976,914.883442914266
106.13999999990352,52104.37535508082,914.610687478566
106.23999999990343,52186.551742816344,914.3859251141112
106.33999999990334,52268.651383823715,914.1634877305534
106.43999999990325,52350.674314152566,913.9433515688357
106.53999999990316,52432.62056655274,913.7255283591121
106.63999999990307,52514.49017888354,913.5100356359968
106.73999999990298,52596.283187960624,913.2968663273464
106.83999999990289,52677.99962814641,913.0860435935481
106.91999999990281,52743.31767739635,912.919088123813
107.0399999999027,52841.20296023588,912.6714533585949
107.11999999990263,52906.39864567993,912.5082210770368
107.21999999990254,52987.8244693703,912.3062765406196
107.33999999990243,53085.43462151219,912.067027233369
107.43999999990234,53166.69242957933,911.87028425674
107.53999999990225,53247.87393004529,911.6758878341392
107.61999999990218,53312.76421353826,911.522060551646
107.71999999990209,53393.80845035636,911.331895935247
107.83999999990198,53490.96094742254,911.1068327048228
107.93999999990189,53571.837584321154,910.9219065351493
108.0399999999018,53652.63810212747,910.7393385610984
108.1399999999017,53733.36253734899,910.5591525565492
108.23999999990161,53814.010927896714,910.3813426223933
108.33999999990152,53894.58331179246,910.2059076465009
108.43999999990143,53975.079726950265,910.03285706954
108.53999999990134,54055.500212438055,909.862215514441
108.63999999990125,54135.8448104664,909.6939696657306
108.73999999990116,54216.113556477125,909.528115470987
108.83999999990107,54296.30649064586,909.364650873041
108.93999999990098,54376.42365028348,909.2035835235868
109.03999999990089,54456.465074396925,909.0449236334763
109.1399999999008,54536.43080375437,908.8886704441692
109.2399999999007,54616.3208767717,908.7348247739187
109.33999999990061,54696.13533266622,908.5833932096582
109.43999999990052,54775.874209981295,908.4343840291276
109.53999999990043,54855.5375519041,908.2878033593053
109.63999999990034,54935.12539841235,908.1436487982501
109.73999999990025,55014.6377877309,908.0018976090612
109.83999999990016,55094.07475800521,907.8625775367426
109.93999999990007,55173.43635185179,907.7256891953961
110.03999999989998,55252.72260822309,907.5912343890616
110.13999999989989,55331.933569430956,907.4592218370223
110.2399999998998,55411.069276035414,907.3296593449948
110.35999999989969,55505.93284567678,907.1774131815515
110.43999999989961,55569.11508986971,907.0778637118226
110.53999999989952,55648.02527797583,906.955605765479
110.65999999989941,55742.61838133063,906.8121219521338
110.73999999989934,55805.62040938879,906.7184147661887
110.83999999989925,55884.30543235701,906.603481248826
110.93999999989916,55962.91548400663,906.4910272327094
111.03999999989907,56041.4506036666,906.3810033612431
111.13999999989898,56119.91083243047,906.2734565160905
111.25999999989887,56213.96431083314,906.1476595921405
111.35999999989878,56292.25992836873,906.0455344106218
111.4399999998987,56354.84259387362,905.9656020792635
111.5599999998986,56448.62692813494,905.8486489926618
111.6599999998985,56526.69839144847,905.7539121154084
111.75999999989841,56604.69522157742,905.661642683
111.85999999989832,56682.61745638901,905.5718281663455
111.95999999989823,56760.46513882594,905.4845021627193
112.05999999989814,56838.23830911447,905.3996626872289
112.15999999989805,56915.9370116184,905.3172901369692
112.25999999989796,56993.56128320051,905.237366758801
112.35999999989787,57071.11116717069,905.1599471158836
112.45999999989778,57148.586705347174,905.0850236803092
112.55999999989768,57225.98793935357,905.0125681158003
112.6599999998976,57303.31491093396,904.9425876137412
112.7599999998975,57380.567660464905,904.8750959120298
112.85999999989741,57457.74622920749,904.8100935115444
112.95999999989732,57534.85066048044,904.747600129232
113.05999999989723,57611.88099743996,904.6876113388215
113.15999999989714,57688.837283077766,904.6301257164989
113.25999999989705,57765.719560762635,904.5751386887571
113.35999999989696,57842.52787192911,904.5226517367785
113.45999999989687,57919.26225969114,904.472671268358
113.55999999989677,57995.92276267393,904.425160874832
113.65999999989668,58072.50942398596,904.3801573593428
113.75999999989659,58149.022285861894,904.3376672979425
113.8599999998965,58225.461391635705,904.2976978235437
113.93999999989643,58286.55960306979,904.2675393224371
114.05999999989632,58378.11851218238,904.2253059567204
114.15999999989623,58454.33660972619,904.1928602242373
114.25999999989614,58530.48112199968,904.1629390606909
114.35999999989605,58606.552092585014,904.1355292783106
114.45999999989596,58682.54956173827,904.1106272865351
114.55999999989587,58758.473572861985,904.0882415484552
114.65999999989577,58834.32417012181,904.0683890604574
114.7399999998957,58894.951817495166,904.0543132387616
114.85999999989559,58985.80528821284,904.0362223281685
114.9599999998955,59061.43589430163,904.0239172978586
115.03999999989543,59121.88764107227,904.0158828821321
115.13999999989534,59197.38643487368,904.0080912267726
115.23999999989525,59272.812058018404,904.0028432356974
115.33999999989516,59348.16455470247,904.000130880505
115.43999999989506,59423.44397026941,903.9999581662478
115.53999999989497,59498.65034815599,904.0023231504582
115.65999999989486,59588.801652225666,904.0085027849834